ID;Name;Image;Gender;Age;Devil Fruit;Last Bounty;Debut Arc;Haki;Affiliation;"Debut Chapter ; Episode";;.jpg;ID;Name;Translation;Type;User;Usage Debut;Usage
1;Monkey D. Luffy;monkey_d_luffy.jpg;Male;19;Zoan;3B;Romance Dawn;All;Straw Hat Pirates;"Chapter 1; Episode 1";;LANN GOMU DIYE MEYVE YOKK;1;Gomu Gomu no Mi;Gum-Gum Fruit;Paramecia;Monkey D. Luffy;"Chapter 1; Episode 1";Turns the user's body into rubber, giving them the power to stretch, bounce, and inflate, as well as making them immune to electricity and near impervious to blunt-force attacks and bullets.
2; Roronoa Zoro;roronoa_zoro.jpg;Male;21;None;1.1B;Romance Dawn;All;Straw Hat Pirates;"Chapter 3; Episode 1";;;2;Bara Bara no Mi;Chop-Chop Fruit;Paramecia;Buggy;"Chapter 9; Episode 5";Allows the user to split their body into separate pieces, which they can manipulate and levitate through the air. It also makes them immune to slashing attacks.
3;Vinsmoke Sanji;vinsmoke_sanji.jpg;Male;21;None;1B;Baratie;ArmObs;Straw Hat Pirates;"Chapter 43; Episode 20";;;3;Sube Sube no Mi;Slip-Slip Fruit;Paramecia;Alvida;"Chapter 51; Episode 46";It makes the user's body smooth and slippery, which in turn makes most attacks and objects slide off their body, protecting the user from harm in most situations.
4;Nami;nami.jpg;Female;20;None;366M;Orange Town;None;Straw Hat Pirates;"Chapter 8; Episode 1";;;4;Bomu Bomu no Mi;Boom-Boom Fruit;Paramecia;Gem (Mr.5);"Chapter 110; Episode 65";It allows the user to make any part of their body explode, whether it be their limbs, hair, mucus, even breath or cough.
5;Nico Robin;nico_robin.jpg;Female;30;Paramecia;930M;Whisky Peak;None;Straw Hat Pirates;"Chapter 114; Episode 67";;;5;Kiro Kiro no Mi;Kilo-Kilo Fruit;Paramecia;Miss Valentine;"Chapter 112; Episode 66";It allows the user to change their weight from 1 to 10,000 kilograms without, in any way, affecting the overall size of their body.
6;Jinbe;jinbe.jpg;Male;46;None;1.1B;Impel Down;ArmObs;Straw Hat Pirates;"Chapter 528; Episode 430";;;6;Hana Hana no Mi;Flower-Flower Fruit;Paramecia;Nico Robin;"Chapter 114; Episode 67";It allows the user to replicate and sprout pieces of their body from the surface of any object or living thing.
7;Tony Tony Chopper;chopper.jpg;Male;17;Zoan;1.000;Drum Island;None;Straw Hat Pirates;"Chapter 134; Episode 81";;;7;Doru-Doru No Mi;Wax-Wax Fruit;Paramecia;Galdino;"Chapter 118; Episode 71";It allows the user to create large quantities of candle wax from their body and control it.
8;Usopp;usopp.jpg;Male;19;None;500M;Syrup Village;Obs;Straw Hat Pirates;"Chapter 23; Episode 8";;;8;Baku Baku no Mi;Munch-Munch Fruit;Paramecia;Wapol;"Chapter 131; Episode 79";It allows the user to eat otherwise-inedible objects, then later manifesting them from their body.
9;Brook;brook.jpg;Male;90;Paramecia;383M;Thriller Bark;None;Straw Hat Pirates;"Chapter 442; Episode 337";;;9;Mane Mane no Mi;Clone-Clone Fruit;Paramecia;Bon Clay;"Chapter 156; Episode 92";It allows the user to turn themselves into a physical double of anyone they touch.
10;Franky;franky.jpg;Male;36;None;394M;Water 7;None;Straw Hat Pirates;"Chapter 329; Episode 233";;;10;Supa Supa no Mi;Dice-Dice Fruit;Paramecia;Daz Bonez;"Chapter 160; Episode 103";It enables the user's body to gain characteristics of a steel blade to attack opponents with.
11;Shanks;shanks.jpg;Male;39;None;4B;Romance Dawn;All;Red Hair Pirates;"Chapter 1; Episode 4";;;11;Toge Toge no Mi;Spike-Spike Fruit;Paramecia;Miss Doublefinger;"Chapter 190; Episode 117";It allows the user to grow spikes on any part of their body, and turn any body part entirely into a spike.
12;Benn Beckman;benn_beckman.jpg;Male;50;None;None;Romance Dawn;Arm;Red Hair Pirates;"Chapter 1; Episode 4";;;12;Ori Ori no Mi;Bind-Bind Fruit;Paramecia;Hina;Chapter 217, Episode 130;It allows the user to bind their foes in iron shackles created by the user's body.
13;Lucky Roux;lucky_roux.jpg;Male;35;None;None;Romance Dawn;Arm;Red Hair Pirates;"Chapter 1; Episode 4";;;13;Bane Bane no Mi;Spring-Spring Fruit;Paramecia;Bellamy;Chapter 231, Episode 150;It allows the user to turn their limbs into springs.
14;Yasopp;yasopp.jpg;Male;47;None;None;Romance Dawn;Obs;Red Hair Pirates;"Chapter 1; Episode 4";;;14;Ito Ito no Mi;String-String Fruit;Paramecia;Donquixote Doflamingo;"Chapter 234; Episode 151";It allows the user to create and manipulate strings.
15;Trafalgar D. Water Law;trafalgar_law.jpg;Male;26;Paramecia;3B;Sabaody Archipelago;ArmObs;Heart Pirates;"Chapter 498; Episode 392";;;15;Noro Noro no Mi;Slow-Slow Fruit;Paramecia;Foxy;"Chapter 308; Episode 210";It allows the user to emit beams which temporarily slow down their target.
16;Bepo;bepo.jpg;Male;22;None;1.500;Sabaody Archipelago;None;Heart Pirates;"Chapter 498; Episode 392";;;16;Doa Doa no Mi;Door-Door Fruit;Paramecia;Blueno;"Chapter 326; Episode 231";It allows the user to create doors through anything they touch.
17;Eustass Kid;eustass_kid.jpg;Male;23;Paramecia;3B;Sabaody Archipelago;All;Kid Pirates;"Chapter 498; Episode 392";;;17;Awa Awa no Mi;Bubble-Bubble Fruit;Paramecia;Kalifa;"Chapter 408; Episode 293";"It allows the user to emit and control soap and bubbles that can not only clean off dirt but can also ""clean off"" power."
18;Killer;killer.jpg;Male;27;Zoan;200M;Sabaody Archipelago;ArmObs;Kid Pirates;"Chapter 498; Episode 392";;;18;Horo Horo no Mi;Hollow-Hollow Fruit;Paramecia;Perona;"Chapter 442; Episode 337";It allows the user to conjure ghosts.
19;Urouge;urouge.jpg;Male;47;Paramecia;108M;Sabaody Archipelago;None;Fallen Monk Pirates;"Chapter 498; Episode 392";;;19;Yomi Yomi no Mi;Revive-Revive Fruit;Paramecia;Brook;"Chapter 442; Episode 337";It enhances the user's soul to the point where they resurrect after their first death, allowing them to live a second time and to use several other soul-based abilities.
20;Basil Hawkins;basil_hawkins.jpg;Male;31;Paramecia;320M;Sabaody Archipelago;ArmObs;Beasts Pirates;"Chapter 498; Episode 392";;;20;Kage Kage no Mi;Shadow-Shadow Fruit;Paramecia;Gecko Moria;"Chapter 443; Episode 338";It gives the user the ability to manifest and control shadows of living creatures, including their own, as physical and tangible forms. The user, becoming a ruler of shadows.
21;Capone Bege;capone_bege.jpg;Male;42;Paramecia;350M;Sabaody Archipelago;None;Fire Tank Pirates;"Chapter 498; Episode 392";;;21;Suke Suke no Mi;Clear-Clear Fruit;Paramecia;Absalom / Shiryu;"Chapter 444; Episode 339";It gives its user the ability to turn themselves and whatever they touch (living or nonliving) invisible.
22;Jewelry Bonney;jewelry_bonney.jpg;Female;12;Paramecia;320M;Sabaody Archipelago;Arm;Bonney Pirates;"Chapter 498; Episode 392";;;22;Nikyu Nikyu no Mi;Paw-Paw Fruit;Paramecia;Bartholomew Kuma;"Chapter 473; Episode 368";It grants the ability to repel anything via paws permanently manifested on the user's palms.
23;Scratchmen Apoo;scratchmen_apoo.jpg;Male;31;Paramecia;350M;Sabaody Archipelago;ArmObs;On Air Pirates;"Chapter 498; Episode 392";;;23;Toshi Toshi no Mi;Age-Age Fruit;Paramecia;Jewelry Bonney;"Chapter 499; Episode 393";It allows the user to manipulate the ages of people or objects.
24;X Drake;x_drake.jpg;Male;33;Zoan;222M;Sabaody Archipelago;ArmObs;SWORD;"Chapter 498; Episode 392";;;24;Jiki Jiki no Mi;Magnet-Magnet Fruit;Paramecia;Eustass Kid;"Chapter 504; Episode 398";It allows the user to create magnetic forces and use them to control metal.
25;Koby;koby.jpg;Male;18;None;500M;Romance Dawn;ArmObs;SWORD;"Chapter 2; Episode 1";;;25;Ope Ope no Mi;Op-Op Fruit;Paramecia;Trafalgar D. Water Law;"Chapter 504; Episode 398";"It's ability is to create a spherical domain, inside of which the user can freely rearrange, dismantle (without harm), and generally remodel/restructure anything and anyone (themself included) in a ""surgical"" way."
26;Fujitora Issho;ishho.jpg;Male;54;Paramecia;3B;Dressrosa;ArmObs;Marines;"Chapter 701; Episode 630";;;26;Shiro Shiro no Mi;Castle-Castle Fruit;Paramecia;Capone Bege;"Chapter 508; Episode 401";It allows the user to become a living fortress, making the user a castle human.
27;Aokiji Kuzan;kuzan.jpg;Male;49;Logia;0;Long Ring Long Land;ArmObs;Blackbeard Pirates;"Chapter 303; Episode 225";;;27;Wara Wara no Mi;Straw-Straw Fruit;Paramecia;Basil Hawkins;"Chapter 508; Episode 401";It allows the user to create and manipulate straw at will, with the straw having damage-redirecting properties.
28;Kizaru Borsalino;kizaru.jpg;Male;58;Logia;3B;Sabaody Archipelago;ArmObs;Marines;"Chapter 504; Episode 398";;;28;Oto Oto no Mi;Tone-Tone Fruit;Paramecia;Scratchmen Apoo;"Chapter 509; Episode 402";It allows the user to transform parts of their body into musical instruments and play music with a variety of destructive effects.
29;Akainu Sakazuki;sakazuki.jpg;Male;55;Logia;5B;Enies Lobby;ArmObs;Marines;"Chapter 397; Episode 278";;;29;Mero Mero no Mi;Love-Love Fruit;Paramecia;Boa Hancock;"Chapter 516; Episode 410";It allows a range of attacks which use emotions of love, lust or adoration to transform opponents into stone.
30;Ryokugyu Aramaki (Greenbull);aramaki.jpg;Male;41;Logia;3B;Reverie;ArmObs;Marines;"Chapter 905; Episode 882";;;30;Doku Doku no Mi;Venom-Venom Fruit;Paramecia;Magellan;"Chapter 528; Episode 425";It grants the user the ability to produce and control different types of poison, as well as grants immunity to all forms of poison.
31;Monkey D. Garp;monkey_d_garp.jpg;Male;78;None;3B;Arlong Park;All;Marines;"Chapter 92; Episode 68";;;31;Horu Horu no Mi;Horm-Horm Fruit;Paramecia;Emporio Ivankov;"Chapter 537; Episode 439";It grants the user the ability to create a variety of special hormones that can alter the recipient's body in any way the user desires.
32;Smoker;smoker.jpg;Male;36;Logia;0;Loguetown;ArmObs;Marines;"Chapter 97; Episode 48";;;32;Choki Choki no Mi;Snip-Snip Fruit;Paramecia;Inazuma;"Chapter 540; Episode 442";It allows the user to transform parts of their body into scissors and cut solid objects as if they were paper.
33;Tashigi;tashigi.jpg;Female;23;None;0;Loguetown;ArmObs;Marines;"Chapter 96; Episode 48";;;33;Gura Gura no Mi;Tremor-Tremor Fruit;Paramecia;Edward Newgate / Marshall D. Teach;"Chapter 552; Episode 461";"It allows the user to create vibrations, or ""quakes""."
34;Hina;hina.jpg;Female;34;Paramecia;0;Alabasta;None;Marines;"Chapter 171; Episode 127";;;34;Kira Kira no Mi;Twinkle-Twinkle Fruit;Paramecia;Jozu;"Chapter 553; Episode 463";It allows the user to transform their body into diamond.
35;Bell-mère;bellmere.jpg;Female;30;None;0;Arlong Park;None;Marines;"Chapter 77; Episode 32";;;35;Woshu Woshu no Mi;Wash-Wash Fruit;Paramecia;Tsuru;"Chapter 556; Episode 465";"It allows the user to literally ""wash and hang out to dry"" people and objects as if they were clothes."
36;Jaguar D. Saul;jaguar_d_saul.jpg;Male;127;None;0;Enies Lobby;ArmObs;Marines;"Chapter 392; Episode 275";;;36;Fuwa Fuwa no Mi;Float-Float Fruit;Paramecia;Shiki;"Chapter 0; Episode 426";It allows the user to levitate themselves and non-living things into the air.
37;Morgan;morgan.jpg;Male;44;None;0;Romance Dawn;None;Marines;"Chapter 4; Episode 2";;;37;Deka Deka no Mi;Huge-Huge Fruit;Paramecia;Sanjuan Wolf;"Chapter 575; Episode 484";It allows its user to drastically enlarge their body.
38;Sengoku;sengoku.jpg;Male;79;Zoan;0;Jaya;All;Marines;"Chapter 234; Episode 151";;;38;Mato Mato no Mi;Mark-Mark Fruit;Paramecia;Vander Decken;"Chapter 613; Episode 532";"It makes the user capable of aiming at whichever ""target"" he decides upon from any location and at any time with anything at ease."
39;Helmeppo;helmeppo.jpg;Male;20;None;100M;Romance Dawn;Arm;SWORD;"Chapter 3; Episode 2";;;39;Fuku Fuku no Mi;Garb-Garb Fruit;Paramecia;Kin'emon;"Chapter 663; Episode 588";It allows the user to create clothing and other apparel out of leaves or stones by visualizing them.
40;Donquixote Rosinante (Corazon);corazon.jpg;Male;26;Paramecia;0;Dressrosa;None;Marines;"Chapter 761; Episode 686";;;40;Hobi Hobi no Mi;Hobby-Hobby Fruit;Paramecia;Sugar;"Chapter 701; Episode 630";It allows the user to transform living people into toys, and erase memories of their existence from others. It has a secondary side effect of granting the eater eternal youth.
41;Rob Lucci;rob_lucci.jpg;Male;30;Zoan;0;Water 7;ArmObs;Cp0;"Chapter 323; Episode 230";;;41;Buki Buki no Mi;Arms-Arms Fruit;Paramecia;Baby 5;"Chapter 682; Episode 608";It gives the user the ability to change their body parts into any weapon.
42;Kaku;kaku.jpg;Male;25;Zoan;0;Water 7;ArmObs;Cp0;"Chapter 323; Episode 230";;;42;Beta Beta no Mi;Stick-Stick Fruit;Paramecia;Trebol;"Chapter 700; Episode 629";It allows the user to create and control mucus.
43;Kalifa;kalifa.jpg;Female;27;Paramecia;0;Water 7;ArmObs;Cp0;"Chapter 323; Episode 230";;;43;Zushi Zushi no Mi;Press-Press Fruit;Paramecia;Issho;"Chapter 701; Episode 631";It allows the user to create and manipulate gravitational force.
44;Spandam;spandam.jpg;Male;41;None;0;Water 7;None;Cp0;"Chapter 355; Episode 249";;;44;Bari Bari no Mi;Barrier-Barrier Fruit;Paramecia;Bartolomeo;"Chapter 708; Episode 637";It allows the user to generate barriers.
45;Blueno;blueno.jpg;Male;32;Paramecia;0;Water 7;ArmObs;Cp0;"Chapter 325; Episode 230";;;45;Nui Nui no Mi;Stitch-Stitch Power;Paramecia;Leo;"Chapter 711; Episode 641";It grants the user the ability to stitch things together and un-stitch them like if nothing had happened.
46;Jabra;jabra.jpg;Male;37;Zoan;0;Enies Lobby;ArmObs;Cp0;"Chapter 375; Episode 264";;;46;Giro Giro no Mi;Glare-Glare Fruit;Paramecia;Viola;"Chapter 712; Episode 640";It allows the user to see through everything and read the minds of others.
47;Stussy;stussy.jpg;Female;36;Zoan;0;Whole Cake;ArmObs;Cp0;"Chapter 860; Episode 830";;;47;Pamu Pamu no Mi;Pop-Pop Fruit;Paramecia;Gladius;"Chapter 723; Episode 653";It allows the user to cause their own body or any inorganic object they touch to rupture and explode.
48;Arlong;arlong.jpg;Male;41;None;20M;Arlong Park;None;Arlong Pirates;"Chapter 69; Episode 31";;;48;Sui Sui no Mi;Swim-Swim Fruit;Paramecia;Senor Pink;"Chapter 732; Episode 664";It allows the user to swim in the ground or walls.
49;Fisher Tiger;fisher_tiger.jpg;Male;48;None;230M;Amazon Lily;None;Sun Pirates;"Chapter 521; Episode 415";;;49;Hira Hira no Mi;Ripple-Ripple Fruit;Paramecia;Diamante;"Chapter 736; Episode 668";It allows the user to make their body and any object they touch become flat and flexible, letting solid objects ripple, billow, and flutter like a piece of cloth or a flag.
50;Hatchan (Hachi);hachi.jpg;Male;38;None;8M;Arlong Park;None;Takoyaki 8;"Chapter 69; Episode 31";;;50;Ishi Ishi no Mi;Stone-Stone Fruit;Paramecia;Pica;"Chapter 736; Episode 669";It allows the user to merge with and manipulate stone.
51;Makino;makino.jpg;Female;31;None;0;Romance Dawn;None;None;"Chapter 1; Episode 4";;;51;Fude Fude no Mi;Brush-Brush Fruit;Paramecia;Kurozumi Kanjuro;"Chapter 754; Episode 691";It allows the user to generate ink from their body and use a painting brush to turn images created with that ink into three-dimensional, lifelike objects.
52;Higuma;higuma.jpg;Male;46;None;8M;Romance Dawn;None;Higuma Bandits;"Chapter 1; Episode 4";;;52;Nagi Nagi no Mi;Calm-Calm Fruit;Paramecia;Donquixote Rosinante;"Chapter 764; Episode 703";It allows the user to create a soundproof field and to cancel all noises.
53;Buggy;buggy.jpg;Male;39;Paramecia;3.2B;Orange Town;None;Cross Guild;"Chapter 9; Episode 4";;;53;Chiyu Chiyu no Mi;Heal-Heal Fruit;Paramecia;Mansherry;"Chapter 774; Episode 714";It grants the user the ability to heal any wound or injury through the use of liquid that comes from the user's body, such as tears.
54;Chouchou;chouchou.jpg;Male;14;None;0;Orange Town;None;None;"Chapter 12; Episode 6";;;54;Maki Maki no Mi;Scroll-Scroll Fruit;Paramecia;Raizo;"Chapter 817; Episode 768";It allows the user to create and control scrolls at will, which have special properties including storing objects and generating drawings.
55;Mohji;mohji.jpg;Male;29;None;0;Orange Town;None;Cross Guild;"Chapter 9; Episode 6";;;55;Soru Soru no Mi;Soul-Soul Fruit;Paramecia;Charlotte Linlin;"Chapter 651; Episode 571";It allows the user to interact with and manipulate souls.
56;Alvida;alvida.jpg;Female;27;Paramecia;5M;Romance Dawn;None;Cross Guild;"Chapter 2; Episode 1";;;56;Mira Mira no Mi;Mirror-Mirror Fruit;Paramecia;Charlotte Brûlée;"Chapter 831; Episode 790";It allows the user to create mirrors which can reflect attacks or appearances.
57;Galdino (Mr.3);galdino.jpg;Male;37;Paramecia;24M;Little Garden;None;Cross Guild;"Chapter 117; Episode 70";;;57;Pero Pero no Mi;Lick-Lick Fruit;Paramecia;Charlotte Perospero;"Chapter 834; Episode 795";It allows the user to create and manipulate candy at will.
58;Cabaji;cabaji.jpg;Male;34;None;0;Orange Town;None;Cross Guild;"Chapter 9; Episode 7";;;58;Bisu Bisu no Mi;Bis-Bis Fruit;Paramecia;Charlotte Cracker;"Chapter 835; Episode 796";It allows the user to generate and manipulate biscuits at will.
59;Dracule Mihawk;dracule_mihawk.jpg;Male;43;None;3.6B;Baratie;ArmObs;Cross Guild;"Chapter 49; Episode 23";;;59;Hoya Hoya no Mi;Puff-Puff Fruit;Paramecia;Charlotte Daifuku;Chapter 864, Episode 826;It allows the user to summon a genie from their body.
60;Crocodile;crocodile.jpg;Male;46;Logia;2B;Little Garden;ArmObs;Cross Guild;"Chapter 126; Episode 76";;;60;Mochi Mochi no Mi;Mochi-Mochi Fruit;Special Paramecia;Charlotte Katakuri;"Chapter 863; Episode 833";It allows the user to create, control, and transform into mochi.
61;Fullbody;fullbody.jpg;Male;28;None;0;Baratie;None;Marines;"Chapter 43; Episode 20";;;61;Shibo Shibo no Mi;Wring-Wring Fruit;Paramecia;Charlotte Smoothie;"Chapter 846; Episode 812";It allows its user to drain liquid from both living and non-living things by wringing them, as well as absorb liquid into themselves and their weapons.
62;Kaya;kaya.jpg;Female;19;None;0;Syrup Village;None;None;"Chapter 23; Episode 9";;;62;Memo Memo no Mi;Memo-Memo Fruit;Paramecia;Charlotte Pudding;"Chapter 851; Episode 818";It allows the user to turn people's memories into strips of film and manipulate them.
63;Jango;jango.jpg;Male;29;None;0;Syrup Village;None;Marines;"Chapter 25; Episode 9";;;63;Netsu Netsu no Mi;Heat-Heat Fruit;Paramecia;Charlotte Oven;"Chapter 864; Episode 827";It allows the user to emanate heat from their body.
64;Kuro;kuro.jpg;Male;35;None;16M;Syrup Village;None;Black Cat Pirates;"Chapter 23; Episode 9";;;64;Kuku Kuku no Mi;Cook-Cook Fruit;Paramecia;Streusen;"Chapter 868; Episode 832";It allows the user to turn objects into food.
65;Zeff;zeff.jpg;Male;67;None;0;Baratie;None;Baratie;"Chapter 43; Episode 20";;;65;Oshi Oshi no Mi;Push-Push Fruit;Paramecia;Morley;Chapter 904, Episode 880;It allows the user to freely move and shape the ground as though it was malleable like clay.
66;Don Krieg;don_krieg.jpg;Male;44;None;17M;Baratie;None;Krieg Pirates;"Chapter 45; Episode 21";;;66;Kobu Kobu no Mi;Pump-Pump Fruit;Paramecia;Belo Betty;Chapter 904, Episode 880;It allows the user to encourage and rally other people to awaken their latent potential to fight.
67;Gin;gin.jpg;Male;27;None;12M;Baratie;None;Krieg Pirates;"Chapter 44; Episode 21";;;67;Kibi Kibi no Mi;Millet-Millet Fruit;Paramecia;Kurozumi Tama;"Chapter 911; Episode 893";"It allows the user to create ""dango"" from their cheeks that can tame animals and those of part-animal nature."
68;Gol D. Roger;gol_d_roger.jpg;Male;53;None;5.5B;Romance Dawn;All;Roger Pirates;"Chapter 1; Episode 1";;;68;Toki Toki no Mi;Time-Time Fruit;Paramecia;Kouzuki Toki;"Chapter 920; Episode 910";It allows the user to send themselves and others forward in time.
69;Silvers Rayleigh;silvers_rayleigh.jpg;Male;78;None;0;Orange Town;All;Roger Pirates;"Chapter 19; Episode 8";;;69;Juku Juku no Mi;Ripe-Ripe Fruit;Paramecia;Shinobu;"Chapter 924; Episode 916";It allows the user to mature and decay anything they touch.
70;Scopper Gaban;scopper_gaban.jpg;Male;78;None;0;Orange Town;ArmObs;Roger Pirates;"Chapter 19; Episode 0";;;70;Shiku Shiku no Mi;Sick-Sick Fruit;Paramecia;Doc Q;"Chapter 1063; Episode 1093";It allows the user to afflict others with diseases.
71;Crocus;crocus.jpg;Male;73;None;0;Reverse Mountain;None;Roger Pirates;"Chapter 102; Episode 62";;;71;Wapu Wapu no Mi;Warp-Warp Fruit;Paramecia;Van Augur;"Chapter 1063; Episode 1093";It allows the user to teleport themselves and others from place to place.
72;Laboon;laboon.jpg;Male;53;None;0;Reverse Mountain;None;Rumbar Pirates;"Chapter 102; Episode 62";;;72;Riki Riki no Mi;Strong-Strong Fruit;Paramecia;Jesus Burgess;"Chapter 1063; Episode 1093";It grants its user incredible strength.
73;Nefertari D. Vivi;nefertari_d_vivi.jpg;Female;18;None;0;Reverse Mountain;None;Alabasta Kingdom;"Chapter 103; Episode 62";;;73;Nomi Nomi no Mi;Brain-Brain Fruit;Paramecia;Vegapunk;"Chapter 1066; Episode 1096";It allows the user's brain to expand indefinitely with new knowledge.
74;Igaram;igaram.jpg;Male;50;None;0;Whiskey Peak;None;Alabasta Kingdom;"Chapter 106; Episode 64";;;74;Shima Shima no Mi;Isle-Isle Fruit;Paramecia;Avalo Pizarro;"Chapter 1080; Episode 1113";It grants the ability to merge with an island's environment and manipulate it.
75;Mr.5 (Gem);mr_5.jpg;Male;26;Paramecia;0;Whiskey Peak;None;Baroque Works;"Chapter 110; Episode 65";;;75;Gabu Gabu no Mi;Glug-Glug Fruit;Paramecia;Vasco Shot;"Chapter 1087; Episode 1121";It makes the user a liquor human.
76;Miss Valentine (Mikita);miss_valentine.jpg;Female;24;Paramecia;0;Whiskey Peak;None;Baroque Works;"Chapter 110; Episode 65";;;76;Muchi Muchi no Mi;Whip-Whip Fruit;Paramecia;Kujaku;"Chapter 1080; Episode 1113";It allows the user to use whips to command anything they hit.
77;Brogy;brogy.jpg;Male;160;None;100M;Little Garden;None;Giant Warrior Pirates;"Chapter 115; Episode 71";;;77;Moku Moku no Mi;Plume-Plume Fruit;Logia;Smoker;"Chapter 100; Episode 48";It allows the user to create, control, and transform into smoke at will.
78;Dorry;dorry.jpg;Male;160;None;100M;Little Garden;None;Giant Warrior Pirates;"Chapter 116; Episode 71";;;78;Suna Suna no Mi;Sand-Sand Fruit;Logia;Crocodile;"Chapter 127; Episode 77";It allows the user to create, control, and transform into sand at will.
79;Hiriluk;hiriluk.jpg;Male;68;None;0;Drum Island;None;None;"Chapter 141; Episode 86";;;79;Mera Mera no Mi;Flame-Flame Fruit;Logia;Portgas D. Ace / Sabo;"Chapter 700; Episode 629";It allows the user to create, control, and transform into fire at will.
80;Dalton;dalton.jpg;Male;35;Zoan;0;Drum Island;None;Sakura Kingdom;"Chapter 132; Episode 79";;;80;Goro Goro no Mi;Rumble-Rumble Fruit;Logia;Enel;"Chapter 241; Episode 155";It grants the power to create, control, and become lightning at will.
81;Wapol;wapol.jpg;Male;29;Paramecia;0;Drum Island;None;Evil Black Drum Kingdom;"Chapter 131; Episode 79";;;81;Hie Hie no Mi;Chilly-Chilly Fruit;Logia;Kuzan;"Chapter 303; Episode 225";It allows the user to create, control, and transform into ice at will.
82;Kureha;kureha.jpg;Female;141;None;0;Drum Island;None;Sakura Kingdom;"Chapter 134; Episode 80";;;82;Yami Yami no Mi;Dark-Dark Fruit;Logia;Marshall D. Teach;"Chapter 440; Episode 325";It allows the user to create, control, and transform into darkness at will.
83;Gaimon;gaimon.jpg;Male;45;None;0;Syrup Village;None;None;"Chapter 22; Episode 18";;;83;Pika Pika no Mi;Glint-Glint Fruit;Logia;Borsalino;"Chapter 506; Episode 400";It allows the user to create, control, and transform into light at will.
84;Bon Clay (Bentham) (Mr.2);bon_clay.jpg;Male;32;Paramecia;32M;Little Garden;None;Newkama Land;"Chapter 129; Episode 78";;;84;Magu Magu no Mi;Mag-Mag Fruit;Logia;Sakazuki;"Chapter 554; Episode 463";It allows the user to create, control, and transform into magma at will.
85;Portgas D. Ace;portgas_d_ace.jpg;Male;20;Logia;550M;Drum Island;All;Whitebeard Pirates;"Chapter 154; Episode 91";;;85;Susu Susu no Mi;Soot-Soot Fruit;Logia;Karasu;"Chapter 593; Episode 510";It allows the user to create, control, and transform into soot at will.
86;Pell;pell.jpg;Male;35;Zoan;0;Alabasta;None;Alabasta Kingdom;"Chapter 155; Episode 91";;;86;Numa Numa no Mi;Swamp-Swamp Fruit;Logia;Caribou;"Chapter 603; Episode 521";It allows the user to create, control, and transform into mud at will.
87;Karoo;karoo.jpg;Male;16;None;0;Whiskey Peak;None;Super Spot-Billed Duck Troops;"Chapter 109; Episode 65";;;87;Gasu Gasu no Mi;Gas-Gas Fruit;Logia;Caesar Clown;"Chapter 658; Episode 581";It  allows the user to create, control, and transform into gas at will.
88;Koza ;koza.jpg;Male;22;None;0;Alabasta;None;Alabasta Kingdom;"Chapter 163; Episode 93";;;88;Yuki Yuki no Mi;Snow-Snow Fruit;Logia;Monet;"Chapter 681; Episode 607";It allows the user to create, control, and transform into snow at will.
89;Foxy;foxy.jpg;Male;38;Paramecia;24M;Long Ring Long Land;None;Foxy Pirates;"Chapter 305; Episode 207";;;89;Mori Mori no Mi;Woods-Woods Fruit;Logia;Aramaki;"Chapter 1052; Episode 1079";It grants the power to create, control, and transform into flora at will.
90;Marshall D. Teach;marshall_d_teach.jpg;Male;40;Logia;4B;Jaya;ArmObs;Blackbeard Pirates;"Chapter 223; Episode 146";;;90;Ushi Ushi no Mi, Model: Bison;Ox-Ox Fruit, Model: Bison;Zoan;Dalton;"Chapter 1070; Episode 1101";It allows its user to transform into a full bison or a half-bison hybrid at will.
91;Stronger;stronger.jpg;Male;17;Zoan;0;Jaya;None;Blackbeard Pirates;"Chapter 223; Episode 146";;;91;Ushi Ushi no Mi, Model: Giraffe;Ox-Ox Fruit, Model: Giraffe;Zoan;Kaku;"Chapter 379; Episode 266";It allows its user to transform into a giraffe hybrid and a full giraffe at will,
92;Doc Q;doc_q.jpg;Male;28;Paramecia;72M;Jaya;None;Blackbeard Pirates;"Chapter 223; Episode 146";;;92;Hito Hito no Mi;Human-Human Fruit;Zoan;Tony Tony Chopper;"Chapter 138; Episode 83";It allows its user to transform into a human hybrid or a human at will.
93;Van Augur;van_augur.jpg;Male;27;Paramecia;64M;Jaya;None;Blackbeard Pirates;"Chapter 222; Episode 146";;;93;Hito Hito no Mi, Model: Daibutsu;Human-Human Fruit, Model: Buddha;Mythical Zoan;Sengoku;"Chapter 571; Episode 480";It allows its user to transform into a Daibutsu (a giant gold Buddha) at will.
94;Laffite;laffite.jpg;Male;41;None;42M;Jaya;None;Blackbeard Pirates;"Chapter 234; Episode 151";;;94;Hito Hito no Mi, Model: Onyudo;Human-Human Fruit, Model: Onyudo;Mythical Zoan;Onimaru;"Chapter 936; Episode 932";It allows its user to transform into an onyudo, a large monk yokai, at will.
95;Jesus Burgess;jesus_burgess.jpg;Male;29;Paramecia;20M;Jaya;ArmObs;Blackbeard Pirates;"Chapter 222; Episode 146";;;95;Hito Hito no Mi, Model: Nika;Human-Human Fruit, Model: Nika;Mythical Zoan;Monkey D. Luffy;"Chapter 1; Episode 1";"It allows one to transform into the legendary ""Sun God"" Nika and gain his rubbery attributes."
96;Shiryu;shiryu.jpg;Male;44;Paramecia;0;Impel Down;Arm;Blackbeard Pirates;"Chapter 538; Episode 440";;;96;Tori Tori no Mi, Model: Falcon;Bird-Bird Fruit, Model: Falcon;Zoan;Pell;"Chapter 169; Episode 106";It allows its user to transform into a falcon hybrid and a full falcon at will.
97;Catarina Devon;catarina_devon.jpg;Female;36;Zoan;0;Marineford;None;Blackbeard Pirates;"Chapter 575; Episode 484";;;97;Tori Tori no Mi, Model: Phoenix;Bird-Bird Fruit, Model: Phoenix;Mythical Zoan;Marco;"Chapter 553; Episode 463";It allows its user to transform into a phoenix and phoenix hybrid at will.
98;Sanjuan Wolf;sanjuan_wolf.jpg;Male;99;Paramecia;0;Marineford;None;Blackbeard Pirates;"Chapter 575; Episode 484";;;98;Tori Tori no Mi, Model: Albatross;Bird-Bird Fruit, Model: Albatross;Zoan;Morgans;"Chapter 860; Episode 830";It allows its user to transform into an albatross hybrid and a full albatross at will.
99;Vasco Shot;vasco_shot.jpg;Male;38;Paramecia;0;Marineford;None;Blackbeard Pirates;"Chapter 575; Episode 484";;;99;Inu Inu no Mi, Model: Wolf;Dog-Dog Fruit, Model: Wolf;Zoan;Jabra;"Chapter 401; Episode 28";It  allows its user to transform into a wolf hybrid and a full wolf at will.
100;Avalo Pizarro;avalo_pizarro.jpg;Male;42;Paramecia;0;Marineford;None;Blackbeard Pirates;"Chapter 575; Episode 484";;;100;Inu Inu no Mi, Model: Kyubi no Kitsune;Dog-Dog Fruit, Model: Nine Tailed Fox;Mythical Zoan;Catarina Devon;"Chapter 925; Episode 917";It allows the user to transform into a nine-tailed fox.
101;Bellamy;bellamy.jpg;Male;27;Paramecia;195M;Jaya;ArmObs;Donquixote Pirates;"Chapter 222; Episode 146";;;101;Inu Inu no Mi, Model: Okuchi no Makami;Dog-Dog Fruit, Model: Okuchi-no-Makami;Mythical Zoan;Yamato;"Chapter 996; Episode 1009";It allows the user to transform into a hybrid and full version of an ancient wolf deity at will.
102;Sarquiss;sarquiss.jpg;Male;27;None;38M;Jaya;None;Bellamy Pirates;"Chapter 222; Episode 146";;;102;Uma Uma no Mi, Model: Pegasus;Horse-Horse Fruit, Model: Pegasus;Mythical Zoan;Stronger;"Chapter 1063; Episode 1092";It allows its user to transform into a Pegasus hybrid and a full Pegasus at will.
103;Mont Blanc Cricket;mont_blanc_cricket.jpg;Male;43;None;25M;Jaya;None;Saruyama Alliance;"Chapter 227; Episode 148";;;103;Neko Neko no Mi, Model: Leopard;Cat-Cat Fruit, Model: Leopard;Zoan;Rob Lucci;"Chapter 348; Episode 245";It allows its user to transform into a leopard hybrid and a full leopard at will.
104;Mont Blanc Noland;mont_blanc_noland.jpg;Male;39;None;0;Skypiea;None;Lvneel Kingdom;"Chapter 286; Episode 187";;;104;Neko Neko no Mi, Model: Saber Tiger;Cat-Cat Fruit, Model: Saber-Toothed Tiger;Ancient Zoan;Who's-Who;"Chapter 998; Episode 1012";It allows the user to transform into a hybrid and full version of a saber-toothed tiger at will.
105;Kalgara;kalgara.jpg;Male;39;None;0;Skypiea;Obs;Shandia;"Chapter 286; Episode 187";;;105;Zou Zou no Mi, Model: Mammoth;Eleph-Eleph Fruit, Model: Mammoth;Ancient Zoan;Jack;"Chapter 807; Episode 757";It allows the user to transform into a mammoth hybrid and full mammoth at will.
106;Conis;conis.jpg;Female;21;None;0;Skypiea;None;None;"Chapter 239; Episode 154";;;106;Ryu Ryu no Mi, Model: Allosaurus;Dragon-Dragon Fruit, Model: Allosaurus;Ancient Zoan;X Drake;"Chapter 509; Episode 402";It allows the user to transform into an allosaurus hybrid and a full allosaurus at will.
107;Gan Fall;gan_fall.jpg;Male;68;None;0;Skypiea;None;Skypiea;"Chapter 237; Episode 153";;;107;Ryu Ryu no Mi, Model: Spinosaurus;Dragon-Dragon Fruit, Model: Spinosaurus;Ancient Zoan;Page One;"Chapter 929; Episode 923";It allows the user to transform into a spinosaurus hybrid and a full spinosaurus at will.
108;Wyper;wyper.jpg;Male;24;None;0;Skypiea;None;Shandia;"Chapter 237; Episode 153";;;108;Ryu Ryu no Mi, Model: Pteranodon;Dragon-Dragon Fruit, Model: Pteranodon;Ancient Zoan;King;"Chapter 930; Episode 924";It allows the user to transform into a pteranodon hybrid and a full pteranodon at will.
109;Aisa;aisa.jpg;Female;11;None;0;Skypiea;Obs;Shandia;"Chapter 249; Episode 161";;;109;Ryu Ryu no Mi, Model: Brachiosaurus;Dragon-Dragon Fruit, Model: Brachiosaurus;Ancient Zoan;Queen;"Chapter 945; Episode 944";It allows the user to transform into a brachiosaurus hybrid and a full brachiosaurus at will.
110;Enel;enel.jpg;Male;39;Logia;0;Skypiea;Obs;Automata;"Chapter 254; Episode 167";;;110;Ryu Ryu no Mi, Model: Pachycephalosaurus;Dragon-Dragon Fruit, Model: Pachycephalosaurus;Ancient Zoan;Ulti;"Chapter 983; Episode 990";It allows the user to transform into a hybrid and full version of a pachycephalosaurus at will.
111;Iceburg;iceburg.jpg;Male;40;None;0;Water 7;None;Galley-La Company;"Chapter 323; Episode 230";;;111;Ryu Ryu no Mi, Model: Triceratops;Dragon-Dragon Fruit, Model: Triceratops;Ancient Zoan;Sasaki;"Chapter 998; Episode 1012";It allows the user to transform into a hybrid and full version of a triceratops at will.
112;Paulie;paulie.jpg;Male;26;None;0;Water 7;None;Galley-La Company;"Chapter 323; Episode 230";;;112;Hebi Hebi no Mi, Model: King Cobra;Snake-Snake Fruit: Model King Cobra;Zoan;Boa Marigold;"Chapter 518; Episode 412";It allows its user to turn into a king cobra hybrid and a full king cobra at will. It can also give the user the ability to create and spit venom.
113;Chimney;chimney.jpg;Female;10;None;0;Water 7;None;None;"Chapter 322; Episode 229";;;113;Hebi Hebi no Mi, Model: Anaconda;Snake-Snake Fruit: Model Anaconda;Zoan;Boa Sandersonia;"Chapter 518; Episode 412";It allows its user to transform into an anaconda hybrid and a full anaconda at will.
114;Kokoro;kokoro.jpg;Female;72;None;0;Water 7;None;Tom's Workers;"Chapter 322; Episode 229";;;114;Hebi Hebi no Mi, Model: Yamata no Orochi;Snake-Snake Fruit, Model: Eight-Headed Snake;Mythical Zoan;Kurozumi Orochi;"Chapter 927; Episode 921";It allows the user to transform into a hybrid and full version of the Yamata no Orochi, an eight-headed snake or dragon in Japanese mythology.
115;Yokozuna;yokozuna.jpg;Male;30;None;0;Water 7;None;Tom's Workers;"Chapter 322; Episode 228";;;115;Uo Uo no Mi, Model: Seiryu;Fish-Fish Fruit, Model: Azure Dragon;Mythical Zoan;Kaido;"Chapter 1070; Episode 1101";It allows its user to transform into a hybrid and full Azure Dragon at will.
116;Tom;tom.jpg;Male;67;None;0;Water 7;None;Tom's Workers;"Chapter 352; Episode 248";;;116;Kumo Kumo no Mi, Model: Rosamygale Grauvogeli;Spider-Spider Fruit,  Model: Rosamygale Grauvogeli;Ancient Zoan;Black Maria;"Chapter 997; Episode 1011";It allows the user to transform into a hybrid and full version of a rosamygale grauvogeli, an ancient species of spider.
117;Clover;clover.jpg;Male;85;None;0;Enies Lobby;None;Ohara;"Chapter 391; Episode 275";;;117;Kame Kame no Mi;Turtle-Turtle Fruit;Zoan;Pekoms;"Chapter 652; Episode 572";It allows the user to become a turtle hybrid and full turtle at will.
118;Nico Olvia;nico_olvia.jpg;Female;33;None;79M;Enies Lobby;None;Ohara;"Chapter 227; Episode 155";;;118;Tama Tama no Mi;Egg-Egg Fruit;Zoan;Tamago;"Chapter 850; Episode 816";It turns the user's body composition into that of an egg, which if cracked open will cause the user to regenerate into a stronger body that features more and more chicken-like features each time.
119;Sabo;sabo.jpg;Male;22;Logia;602M;Post-War;ArmObs;Revolutionary Army;"Chapter 583; Episode 494";;;119;Batto Batto no Mi;Bat-Bat Fruit;Zoan;Stussy;"Chapter 1072; Episode 1104";It allows its user to transform into a bat hybrid and a full bat at will.
120;Monkey D. Dragon;monkey_d_dragon.jpg;Male;55;None;0;Loguetown;None;Revolutionary Army;"Chapter 100; Episode 52";;;120;;;;;;
121;Emporio Ivankov;emporio_ivankov.jpg;Male;53;Paramecia;100M;Impel Down;None;Revolutionary Army;"Chapter 537; Episode 438";;;121;;;;;;
122;Karasu;karasu.jpg;Male;47;Logia;400M;Post-War;ArmObs;Revolutionary Army;"Chapter 593; Episode 510";;;122;;;;;;
123;Belo Betty;belo_betty.jpg;Female;34;Paramecia;457M;Reverie;ArmObs;Revolutionary Army;"Chapter 904; Episode 880";;;123;;;;;;
124;Morley;morley.jpg;Male;160;Paramecia;293M;Reverie;ArmObs;Revolutionary Army;"Chapter 904; Episode 880";;;124;;;;;;
125;Bartholomew Kuma;bartholomew_kuma.jpg;Male;47;Paramecia;296M;Jaya;ArmObs;Revolutionary Army;"Chapter 233; Episode 151";;;125;;;;;;
126;Lindbergh;lindbergh.jpg;Male;37;None;316M;Reverie;ArmObs;Revolutionary Army;"Chapter 904; Episode 880";;;126;;;;;;
127;Koala;koala.jpg;Female;23;Paramecia;0;Fishman Island;None;Revolutionary Army;"Chapter 622; Episode 541";;;127;;;;;;
128;Shakuyaku (Shakky);shakky.jpg;Female;64;None;0;Sabaody Archipelago;ArmObs;None;"Chapter 498; Episode 392";;;128;;;;;;
129;Camie;camie.jpg;Female;18;None;0;Sabaody Archipelago;None;Takoyaki 8;"Chapter 195; Episode 385";;;129;;;;;;
130;Sentomaru;sentomaru.jpg;Male;34;None;500M;Sabaody Archipelago;ArmObs;Special Science Group;"Chapter 497; Episode 401";;;130;;;;;;
131;Charlotte Lola;charlotte_lola.jpg;Female;26;None;24M;Thriller Bark;None;Rolling Pirates;"Chapter 476; Episode 370";;;131;;;;;;
132;Gecko Moria;gecko_moria.jpg;Male;50;Paramecia;320M;Thriller Bark;None;Thriller Bark Pirates;"Chapter 449; Episode 343";;;132;;;;;;
133;Hogback;hogback.jpg;Male;47;None;0;Thriller Bark;None;Thriller Bark Pirates;"Chapter 446; Episode 340";;;133;;;;;;
134;Absalom;absalom.jpg;Male;36;Paramecia;0;Thriller Bark;None;Thriller Bark Pirates;"Chapter 444; Episode 339";;;134;;;;;;
135;Perona;perona.jpg;Female;25;Paramecia;0;Thriller Bark;None;None;"Chapter 443; Episode 338";;;135;;;;;;
136;Shimotsuki Ryuma;shimotsuki_ryuma.jpg;Male;47;None;0;Thriller Bark;Arm;Thriller Bark Pirates;"Chapter 448; Episode 342";;;136;;;;;;
137;Duval;duval.jpg;Male;25;None;0;Sabaody Archipelago;None;Rosy Life Riders;"Chapter 491; Episode 386";;;137;;;;;;
138;Boa Hancock;boa_hancock.jpg;Female;31;Paramecia;1.7B;Amazon Lily;All;Kuja Pirates;"Chapter 516; Episode 409";;;138;;;;;;
139;Boa Sandersonia;boa_sandersonia.jpg;Female;30;Zoan;40M;Amazon Lily;ArmObs;Kuja Pirates;"Chapter 516; Episode 409";;;139;;;;;;
140;Boa Marigold;boa_marigold.jpg;Female;28;Zoan;40M;Amazon Lily;ArmObs;Kuja Pirates;"Chapter 516; Episode 409";;;140;;;;;;
141;Marguerite;marguerite.jpg;Female;18;None;0;Amazon Lily;Arm;Kuja Pirates;"Chapter 512; Episode 408";;;141;;;;;;
142;Magellan;magellan.jpg;Male;47;Paramecia;0;Impel Down;None;Impel Down;"Chapter 528; Episode 425";;;142;;;;;;
143;Hannyabal;hannyabal.jpg;Male;35;None;0;Impel Down;None;Impel Down;"Chapter 525; Episode 422";;;;;;;;;
144;Inazuma;inazuma.jpg;Male;29;Paramecia;100M;Impel Down;None;Revolutionary Army;"Chapter 536; Episode 438";;;;;;;;;
145;Edward Newgate;edward_newgate.jpg;Male;72;Paramecia;5B;Jaya;All;Whitebeard Pirates;"Chapter 234; Episode 151";;;;;;;;;
146;Marco;marco.jpg;Male;45;Zoan;1.4B;Jaya;ArmObs;Whitebeard Pirates;"Chapter 234; Episode 151";;;;;;;;;
147;Jozu;jozu.jpg;Male;42;Paramecia;0;Jaya;ArmObs;Whitebeard Pirates;"Chapter 234; Episode 151";;;;;;;;;
148;Vista;vista.jpg;Male;47;None;0;Marineford;ArmObs;Whitebeard Pirates;"Chapter 552; Episode 0";;;;;;;;;
149;Izou;izou.jpg;Male;45;None;510M;Marineford;ArmObs;Whitebeard Pirates;"Chapter 553; Episode 461";;;;;;;;;
150;Little Oars Jr.;little_oars_jr.jpg;Male;72;None;550M;Marineford;None;Little Pirates;"Chapter 554; Episode 463";;;;;;;;;
151;Squard;squard.jpg;Male;52;None;210M;Marineford;None;Maelstorm Spider Pirates;"Chapter 551; Episode 460";;;;;;;;;
152;Edward Weevil;edward_weevil.jpg;Male;35;None;480M;Zou;ArmObs;Shichibukai (former);"Chapter 227; Episode 189";;;;;;;;;
153;Curly Dadan;curly_dadan.jpg;Female;55;None;0;Post-War;None;Dadan Family;"Chapter 0; Episode 0";;;;;;;;;
154;Donquixote Doflamingo;donquixote_doflamingo.jpg;Male;41;Paramecia;340M;Jaya;All;Donquixote Pirates;"Chapter 233; Episode 151";;;;;;;;;
155;Trebol;trebol.jpg;Male;49;Paramecia;99M;Dressrosa;None;Donquixote Pirates;"Chapter 700; Episode 629";;;;;;;;;
156;Diamante;diamante.jpg;Male;45;Paramecia;99M;Dressrosa;ArmObs;Donquixote Pirates;"Chapter 700; Episode 629";;;;;;;;;
157;Pica;pica.jpg;Male;40;Paramecia;99M;Dressrosa;ArmObs;Donquixote Pirates;"Chapter 700; Episode 629";;;;;;;;;
158;Vergo;vergo.jpg;Male;41;None;0;Punk Hazard;ArmObs;Donquixote Pirates;"Chapter 671; Episode 597";;;;;;;;;
159;Sugar;sugar.jpg;Female;22;Paramecia;0;Punk Hazard;None;Donquixote Pirates;"Chapter 682; Episode 608";;;;;;;;;
160;Viola;viola.jpg;Female;29;Paramecia;0;Dressrosa;None;Riku Family;"Chapter 701; Episode 632";;;;;;;;;
161;Senor Pink;senor_pink.jpg;Male;46;Paramecia;58M;Dressrosa;None;Donquixote Pirates;"Chapter 702; Episode 632";;;;;;;;;
162;Baby 5;baby_5.jpg;Female;24;Paramecia;0;Punk Hazard;None;Straw Hat Grand Fleet;"Chapter 682; Episode 608";;;;;;;;;
163;Gladius;gladius.jpg;Male;33;Paramecia;31M;Punk Hazard;None;Donquixote Pirates;"Chapter 682; Episode 608";;;;;;;;;
164;Monet;monet.jpg;Female;30;Logia;0;Punk Hazard;None;Donquixote Pirates;"Chapter 657; Episode 581";;;;;;;;;
165;Caesar Clown;caesar_clown.jpg;Male;55;Logia;300M;Punk Hazard;None;Germa Kingdom;"Chapter 658; Episode 581";;;;;;;;;
166;Caribou;caribou.jpg;Male;32;Logia;210M;Return To Sabaody;None;Caribou Pirates;"Chapter 600; Episode 519";;;;;;;;;
167;Neptune;neptune.jpg;Male;70;None;0;Fishman Island;None;Ryugu Kingdom;"Chapter 611; Episode 530";;;;;;;;;
168;Otohime;otohime.jpg;Female;36;None;0;Fishman Island;Obs;Ryugu Kingdom;"Chapter 621; Episode 539";;;;;;;;;
169;Shirahoshi;shirahoshi.jpg;Female;16;None;0;Fishman Island;Obs;Ryugu Kingdom;"Chapter 612; Episode 531";;;;;;;;;
170;Vander Decken;vander_decken.jpg;Male;35;Paramecia;0;Fishman Island;None;Flying Pirates;"Chapter 606; Episode 525";;;;;;;;;
171;Hody Jones;hody_jones.jpg;Male;30;None;0;Fishman Island;None;New Fish-man Pirates;"Chapter 608; Episode 527";;;;;;;;;
172;Carrot;carrot.jpg;Female;15;None;0;Zou;None;Mokomo Dukedom;"Chapter 804; Episode 753";;;;;;;;;
173;Wanda;wanda.jpg;Female;28;None;0;Zou;None;Mokomo Dukedom;"Chapter 804; Episode 753";;;;;;;;;
174;Inuarashi;inuarashi.jpg;Male;40;None;0;Zou;ArmObs;Mokomo Dukedom;"Chapter 808; Episode 756";;;;;;;;;
175;Nekomamushi;nekomamushi.jpg;Male;40;None;0;Zou;ArmObs;Mokomo Dukedom;"Chapter 809; Episode 756";;;;;;;;;
176;Pedro;pedro.jpg;Male;32;None;382M;Zou;ArmObs;Mokomo Dukedom;"Chapter 805; Episode 754";;;;;;;;;
177;Kaido;kaido.jpg;Male;59;Zoan;4.6B;Dressrosa;All;Beasts Pirates;"Chapter 795; Episode 736";;;;;;;;;
178;King (Alber);king.jpg;Male;47;Zoan;1.4B;Wano;ArmObs;Beasts Pirates;"Chapter 925; Episode 918";;;;;;;;;
179;Queen;queen.jpg;Male;56;Zoan;1.3B;Wano;ArmObs;Beasts Pirates;"Chapter 925; Episode 918";;;;;;;;;
180;Jack;jack.jpg;Male;28;Zoan;1B;Zou;ArmObs;Beasts Pirates;"Chapter 929; Episode 923";;;;;;;;;
181;Page One;page_one.jpg;Male;20;Zoan;290M;Wano;ArmObs;Beasts Pirates;"Chapter 929; Episode 924";;;;;;;;;
182;Ulti;ulti.jpg;Female;22;Zoan;400M;Wano;ArmObs;Beasts Pirates;"Chapter 977; Episode 982";;;;;;;;;
183;Who's-Who;whos_who.jpg;Male;38;Zoan;546M;Wano;ArmObs;Beasts Pirates;"Chapter 977; Episode 982";;;;;;;;;
184;Black Maria;black_maria.jpg;Female;29;Zoan;480M;Wano;ArmObs;Beasts Pirates;"Chapter 977; Episode 982";;;;;;;;;
185;Sasaki;sasaki.jpg;Male;34;Zoan;472M;Wano;ArmObs;Beasts Pirates;"Chapter 977; Episode 982";;;;;;;;;
186;Kurozumi Tama (O-Tama);kurozumi_tama.jpg;Female;8;Paramecia;0;Wano;None;None;"Chapter 911; Episode 893";;;;;;;;;
187;Kurozumi Kanjuro;kurozumi_kanjuro.jpg;Male;34;Paramecia;0;Dressrosa;ArmObs;Kurozumi Family;"Chapter 700; Episode 629";;;;;;;;;
188;Kurozumi Orochi;kurozumi_orochi.jpg;Male;54;Zoan;0;Wano;None;Kurozumi Family;"Chapter 927; Episode 921";;;;;;;;;
189;Vinsmoke Judge;vinsmoke_judge.jpg;Male;56;None;0;Whole Cake Island;Arm;Germa Kingdom;"Chapter 832; Episode 793";;;;;;;;;
190;Vinsmoke Reiju;vinsmoke_reiju.jpg;Female;24;None;0;Whole Cake Island;None;Germa Kingdom;"Chapter 826; Episode 784";;;;;;;;;
191;Vinsmoke Ichiji;vinsmoke_ichiji.jpg;Male;21;None;0;Whole Cake Island;None;Germa Kingdom;"Chapter 828; Episode 787";;;;;;;;;
192;Vinsmoke Niji;vinsmoke_niji.jpg;Male;21;None;0;Whole Cake Island;None;Germa Kingdom;"Chapter 828; Episode 787";;;;;;;;;
193;Vinsmoke Yonji;vinsmoke_yonji.jpg;Male;21;None;0;Whole Cake Island;None;Germa Kingdom;"Chapter 825; Episode 783";;;;;;;;;
194;Charlotte Linlin (Big Mom);charlotte_linlin.jpg;Female;68;Paramecia;4.3B;Whole Cake Island;All;Big Mom Pirates;"Chapter 651; Episode 571";;;;;;;;;
195;Charlotte Katakuri;charlotte_katakuri.jpg;Male;48;Paramecia;1B;Whole Cake Island;All;Big Mom Pirates;"Chapter 860; Episode 825";;;;;;;;;
196;Charlotte Smoothie;charlotte_smoothie.jpg;Female;35;Paramecia;932M;Whole Cake Island;ArmObs;Big Mom Pirates;"Chapter 846; Episode 812";;;;;;;;;
197;Charlotte Cracker;charlotte_cracker.jpg;Male;45;Paramecia;860M;Whole Cake Island;ArmObs;Big Mom Pirates;"Chapter 835; Episode 796";;;;;;;;;
198;Charlotte Perospero;charlotte_perospero.jpg;Male;50;Paramecia;700M;Whole Cake Island;ArmObs;Big Mom Pirates;"Chapter 834; Episode 795";;;;;;;;;
199;Charlotte Daifuku;charlotte_daifuku.jpg;Male;48;Paramecia;300M;Whole Cake Island;ArmObs;Big Mom Pirates;"Chapter 861; Episode 826";;;;;;;;;
200;Charlotte Oven;charlotte_oven.jpg;Male;48;Paramecia;300M;Whole Cake Island;ArmObs;Big Mom Pirates;"Chapter 861; Episode 827";;;;;;;;;
201;Tamago;tamago.jpg;Male;46;Zoan;429M;Fishman Island;ArmObs;Big Mom Pirates;"Chapter 651; Episode 570";;;;;;;;;
202;Pekoms;pekoms.jpg;Male;27;Zoan;330M;Fishman Island;ArmObs;Big Mom Pirates;"Chapter 651; Episode 570";;;;;;;;;
203;Charlotte Pudding;charlotte_pudding.jpg;Female;16;Paramecia;0;Fishman Island;None;Big Mom Pirates;"Chapter 651; Episode 571";;;;;;;;;
204;Kozuki Toki;kozuki_toki.jpg;Female;36;Paramecia;0;Wano;None;Kozuki Family;"Chapter 919; Episode 893";;;;;;;;;
205;Kozuki Momonosuke;kozuki_momonosuke.jpg;Male;8;Zoan;0;Punk Hazard;Obs;Kozuki Family;"Chapter 684; Episode 609";;;;;;;;;
206;Kozuki Hiyori;kozuki_hiyori.jpg;Female;26;None;0;Wano;None;Kozuki Family;"Chapter 909; Episode 892";;;;;;;;;
207;Kozuki Oden;kozuki_oden.jpg;Male;39;None;0;Wano;All;Kozuki Family;"Chapter 920; Episode 910";;;;;;;;;
208;Kin'emon;kinemon.jpg;Male;36;Paramecia;0;Punk Hazard;ArmObs;Kozuki Family;"Chapter 656; Episode 580";;;;;;;;;
209;Denjiro;denjiro.jpg;Male;47;None;0;Wano;ArmObs;Kozuki Family;"Chapter 919; Episode 909";;;;;;;;;
210;Kikunojo (O-Kiku);kikunojo.jpg;Male;22;None;0;Wano;ArmObs;Kozuki Family;"Chapter 913; Episode 899";;;;;;;;;
211;Raizo;raizo.jpg;Male;35;Paramecia;0;Zou;ArmObs;Kozuki Family;"Chapter 817; Episode 768";;;;;;;;;
212;Kawamatsu;kawamatsu.jpg;Male;41;None;0;Wano;ArmObs;Kozuki Family;"Chapter 920; Episode 910";;;;;;;;;
213;Ashura Doji (Shutenmaru);ashura_doji.jpg;Male;56;None;0;Wano;ArmObs;Kozuki Family;"Chapter 920; Episode 910";;;;;;;;;
214;Shinobu;shinobu.jpg;Female;49;Paramecia;0;Wano;None;Kozuki Family;"Chapter 921; Episode 911";;;;;;;;;
215;Yamato;yamato.jpg;Female;28;Zoan;0;Wano;All;None;"Chapter 971; Episode 972";;;;;;;;;
216;Kyros;kyros.jpg;Male;44;None;0;Dressrosa;None;Dressrosa;"Chapter 702; Episode 631";;;;;;;;;
217;Rebecca;rebecca.jpg;Female;16;None;0;Dressrosa;Obs;Dressrosa;"Chapter 704; Episode 633";;;;;;;;;
218;Riku;riku.jpg;Male;60;None;0;Dressrosa;None;Dressrosa;"Chapter 706; Episode 636";;;;;;;;;
219;Leo;leo.jpg;Male;25;Paramecia;0;Dressrosa;None;Tontatta Kingdom;"Chapter 710; Episode 640";;;;;;;;;
220;Barolomeo;bartolomeo.jpg;Male;24;Paramecia;200M;Dressrosa;None;Straw Hat Grand Fleet;"Chapter 705; Episode 633";;;;;;;;;
221;Hajrudin;hajrudin.jpg;Male;81;None;0;Dressrosa;None;Straw Hat Grand Fleet;"Chapter 706; Episode 639";;;;;;;;;
222;Chinjao;chinjao.jpg;Male;78;None;542M;Dressrosa;All;Straw Hat Grand Fleet;"Chapter 704; Episode 632";;;;;;;;;
223;Cavendish;cavendish.jpg;Male;26;None;330M;Dressrosa;ArmObs;Straw Hat Grand Fleet;"Chapter 704; Episode 632";;;;;;;;;
224;Morgans;morgans.jpg;Male;53;Zoan;0;Whole Cake Island;None;World Economy News Paper;"Chapter 860; Episode 828";;;;;;;;;
225;Dr. Vegapunk;vegapunk.jpg;Male;65;Paramecia;0;Egghead;None;Special Science Group;"Chapter 1066; Episode 1090";;;;;;;;;
226;Kuina;kuina.jpg;Female;11;None;0;Romance Dawn;None;Shimotsuki Family;"Chapter 5; Episode 2";;;;;;;;;
227;Nojiko;nojiko.jpg;Female;22;None;0;Arlong Park;None;None;"Chapter 70; Episode 31";;;;;;;;;
228;Oars;oars.jpg;Male;159;None;0;Thriller Bark;None;Thriller Bark Pirates;"Chapter 456; Episode 350";;;;;;;;;
229;Charlotte Brulee;charlotte_brulee.jpg;Female;43;Paramecia;0;Whole Cake Island;None;Big Mom Pirates;"Chapter 831; Episode 791";;;;;;;;;
230;Charlotte Chiffon;charlotte_chiffon.jpg;Female;26;None;0;Whole Cake Island;None;Fire Tank Pirates;"Chapter 825; Episode 783";;;;;;;;;
231;Zunesha;zunesha.jpg;Male;1000+;None;0;Zou;None;None;"Chapter 802; Episode 751";;;;;;;;;
232;Donquixote Mjosgard;mjosgard.jpg;Male;35;None;0;Fishman Island;None;World Government;"Chapter 625; Episode 545";;;;;;;;;
233;Charlos;charlos.jpg;Male;24;None;0;Sabaody Archipelago;None;World Government;"Chapter 499; Episode 393";;;;;;;;;
234;Sai;sai.jpg;Male;28;None;210M;Dressrosa;ArmObs;Straw Hat Grand Fleet;"Chapter 704; Episode 632";;;;;;;;;
235;Penguin;penguin.jpg;Male;28;None;0;Sabaody Archipelago;None;Heart Pirates;"Chapter 498; Episode 392";;;;;;;;;
236;Shimotsuki Yasuie;shimotsuki_yasuie.jpg;Male;71;Zoan;0;Wano;None;Shimotsuki Family;"Chapter 929; Episode 916";;;;;;;;;
237;Toko;toko.jpg;Female;6;None;0;Wano;None;Shimotsuki Family;"Chapter 927; Episode 920";;;;;;;;;
238;Hibari;hibari.jpg;Female;17;None;200M;Egghead;ArmObs;SWORD;"Chapter 1061; Episode 1090";;;;;;;;;
239;Prince Grus;prince_grus.jpg;Male;29;Paramecia;500M;Egghead;ArmObs;SWORD;"Chapter 966; Episode 1090";;;;;;;;;
240;Kujaku;kujaku.jpg;Female;26;Paramecia;500M;Egghead;ArmObs;SWORD;"Chapter 966; Episode 1090";;;;;;;;;
241;Johnny;johnny.jpg;Male;25;None;0;Baratie;None;None;"Chapter 42; Episode 19";;;;;;;;;
242;Yosaku;yosaku.jpg;Male;26;None;0;Baratie;None;None;"Chapter 42; Episode 20";;;;;;;;;
243;Daz Bonez (Mr.1);daz_bonez.jpg;Male;31;Paramecia;75M;Alabasta;None;Cross Guild;"Chapter 160; Episode 103";;;;;;;;;
244;Miss Goldenweek (Marianne);miss_goldenweek.jpg;Female;18;None;29M;Little Garden;None;Baroque Works;"Chapter 117; Episode 70";;;;;;;;;
245;Miss Doublefinger (Zala);miss_doublefinger.jpg;Female;28;Paramecia;35M;Alabasta;None;Baroque Works;"Chapter 155; Episode 103";;;;;;;;;
246;Momonga;momonga.jpg;Male;48;None;500M;Enies Lobby;ArmObs;Marines;"Chapter 420; Episode 302";;;;;;;;;
247;Tsuru;tsuru.jpg;Female;76;Paramecia;500M;Jaya;ArmObs;Marines;"Chapter 234; Episode 151";;;;;;;;;
248;Surume;surume.jpg;Male;120;None;0;Fishman Island;None;New Fish-Man Pirates;"Chapter 604; Episode 524";;;;;;;;;
249;Shyarly;shyarly.jpg;Female;29;None;0;Fishman Island;None;None;"Chapter 610; Episode 529";;;;;;;;;
250;Hyougoro;hyougoro.jpg;Male;70;None;0;Wano;ArmObs;Hyougoro Family;"Chapter 926; Episode 919";;;;;;;;;
251;York;york.jpg;Female;16;None;0;Egghead;None;Special Science Group;"Chapter 1065; Episode 1095";;;;;;;;;
252;Atlas;atlas.jpg;Female;16;None;0;Egghead;None;Special Science Group;"Chapter 1062; Episode 1091";;;;;;;;;
253;Pythagoras;pythagoras.jpg;Male;26;None;0;Egghead;None;Special Science Group;"Chapter 1065; Episode 1095";;;;;;;;;
254;Edison;edison.jpg;Male;18;None;0;Egghead;None;Special Science Group;"Chapter 1065; Episode 1095";;;;;;;;;
255;Lilith;lilith.jpg;Female;24;None;0;Egghead;None;Special Science Group;"Chapter 1061; Episode 1090";;;;;;;;;
256;Shaka;shaka.jpg;Male;30;None;0;Egghead;None;Special Science Group;"Chapter 1062; Episode 1091";;;;;;;;;
257;Shiki;shiki.jpg;Male;Unknown;Paramecia;0;Impel Down;None;Golden Lion Pirates;"Chapter 0; Episode 425";;;;;;;;;
258;Jean Bart;jean_bart.jpg;Male;Unknown;None;0;Sabaody Archipelago;None;Heart Pirates;"Chapter 497; Episode 391";;;;;;;;;
259;Mother Carmel;mother_carmel.jpg;Female;80;Paramecia;0;Whole Cake Island;None;None;"Chapter 861; Episode 831";;;;;;;;;
260;Streusen;streusen.jpg;Male;92;Paramecia;0;Whole Cake Island;None;Big Mom Pirates;"Chapter 858; Episode 827";;;;;;;;;
261;Mansherry;mansherry.jpg;Female;25;Paramecia;0;Dressrosa;None;Tontatta Kingdom;"Chapter 717; Episode 647";;;;;;;;;
262;S-Hawk;s_hawk.jpg;Male;8;Paramecia;0;Egghead;ArmObs;Seraphim;"Chapter 1059; Episode 1087";;;;;;;;;
263;S-Snake;s_snake.jpg;Female;8;Paramecia;0;Egghead;ArmObs;Seraphim;"Chapter 1059; Episode 1087";;;;;;;;;
264;S-Shark;s_shark.jpg;Male;8;Paramecia;0;Egghead;ArmObs;Seraphim;"Chapter 1065; Episode 1094";;;;;;;;;
265;S-Bear;s_bear.jpg;Male;8;Paramecia;0;Egghead;ArmObs;Seraphim;"Chapter 1062; Episode 1092";;;;;;;;;
266;Onimaru;onimaru.jpg;Male;69;Zoan;0;Wano;None;Shimotsuki Family;"Chapter 936; Episode 932";;;;;;;;;
267;Portgas D. Rouge;portgas_d_rouge.jpg;Female;30;None;0;Marineford;None;None;"Chapter 550; Episode 0";;;;;;;;;
268;;;;;;;;;;;;;;;;;;;
269;;;;;;;;;;;;;;;;;;;
270;;;;;;;;;;;;;;;;;;;
271;;;;;;;;;;;;;;;;;;;
272;;;;;;;;;;;;;;;;;;;
273;;;;;;;;;;;;;;;;;;;
274;;;;;;;;;;;;;;;;;;;
275;;;;;;;;;;;;;;;;;;;
276;;;;;;;;;;;;;;;;;;;
277;;;;;;;;;;;;;;;;;;;
278;;;;;;;;;;;;;;;;;;;
279;;;;;;;;;;;;;;;;;;;
280;;;;;;;;;;;;;;;;;;;
281;;;;;;;;;;;;;;;;;;;
